{
 "annotations": {
  "list": [
   {
    "builtIn": 1,
    "datasource": {
     "type": "grafana",
     "uid": "-- Grafana --"
    },
    "enable": true,
    "hide": true,
    "iconColor": "rgba(0, 211, 255, 1)",
    "name": "Annotations & Alerts",
    "target": {
     "limit": 100,
     "matchAny": false,
     "tags": [],
     "type": "dashboard"
    },
    "type": "dashboard"
   }
  ]
 },
 "editable": true,
 "fiscalYearStartMonth": 0,
 "graphTooltip": 0,
 "links": [],
 "liveNow": false,
 "panels": [
  {
   "datasource": {
    "type": "prometheus",
    "uid": "${source}"
   },
   "gridPos": {
    "h": 4,
    "w": 8,
    "x": 0,
    "y": 0
   },
   "id": 26,
   "options": {
    "content": "![icon]( https://embrace.io/images/embrace_color_logo.png )",
    "mode": "markdown"
   },
   "pluginVersion": "9.1.2",
   "type": "text"
  },
  {
   "collapsed": false,
   "datasource": {
    "uid": "${source}"
   },
   "gridPos": {
    "h": 1,
    "w": 24,
    "x": 0,
    "y": 4
   },
   "id": 16,
   "panels": [],
   "title": "Sessions",
   "type": "row"
  },
  {
   "datasource": {
    "type": "prometheus",
    "uid": "${source}"
   },
   "fieldConfig": {
    "defaults": {
     "color": {
      "mode": "palette-classic"
     },
     "custom": {
      "axisCenteredZero": false,
      "axisColorMode": "text",
      "axisLabel": "",
      "axisPlacement": "auto",
      "barAlignment": 0,
      "drawStyle": "line",
      "fillOpacity": 0,
      "gradientMode": "none",
      "hideFrom": {
       "legend": false,
       "tooltip": false,
       "viz": false
      },
      "lineInterpolation": "linear",
      "lineWidth": 1,
      "pointSize": 5,
      "scaleDistribution": {
       "type": "linear"
      },
      "showPoints": "auto",
      "spanNulls": false,
      "stacking": {
       "group": "A",
       "mode": "none"
      },
      "thresholdsStyle": {
       "mode": "off"
      }
     },
     "mappings": [],
     "thresholds": {
      "mode": "absolute",
      "steps": [
       {
        "color": "green",
        "value": null
       },
       {
        "color": "red",
        "value": 80
       }
      ]
     }
    },
    "overrides": []
   },
   "gridPos": {
    "h": 8,
    "w": 8,
    "x": 0,
    "y": 5
   },
   "id": 5,
   "interval": "$interval",
   "options": {
    "legend": {
     "calcs": [],
     "displayMode": "list",
     "placement": "bottom",
     "showLegend": true
    },
    "tooltip": {
     "mode": "single",
     "sort": "none"
    }
   },
   "targets": [
    {
     "datasource": {
      "type": "prometheus",
      "uid": "${source}"
     },
     "editorMode": "code",
     "expr": "sum(sessions_total{app_id=\"$app_id\"}) by (app_version)",
     "legendFormat": "{{label_name}}",
     "range": true,
     "refId": "A"
    }
   ],
   "title": "Sessions By All App Versions",
   "type": "timeseries"
  },
  {
   "datasource": {
    "type": "prometheus",
    "uid": "${source}"
   },
   "fieldConfig": {
    "defaults": {
     "color": {
      "mode": "thresholds"
     },
     "custom": {
      "align": "auto",
      "displayMode": "auto",
      "inspect": false
     },
     "mappings": [],
     "thresholds": {
      "mode": "absolute",
      "steps": [
       {
        "color": "green",
        "value": null
       },
       {
        "color": "red",
        "value": 80
       }
      ]
     }
    },
    "overrides": []
   },
   "gridPos": {
    "h": 8,
    "w": 8,
    "x": 8,
    "y": 5
   },
   "id": 28,
   "options": {
    "footer": {
     "fields": "",
     "reducer": [
      "sum"
     ],
     "show": false
    },
    "showHeader": true,
    "sortBy": [
     {
      "desc": true,
      "displayName": "Total"
     }
    ]
   },
   "pluginVersion": "9.1.2",
   "targets": [
    {
     "datasource": {
      "type": "prometheus",
      "uid": "${source}"
     },
     "editorMode": "code",
     "expr": "sum(sessions_total{app_id=\"$app_id\"}) by (app_version, os_version)",
     "legendFormat": "",
     "range": true,
     "refId": "A"
    }
   ],
   "title": "Session Totals Table",
   "transformations": [
    {
     "id": "reduce",
     "options": {
      "labelsToFields": true,
      "reducers": [
       "sum"
      ]
     }
    },
    {
     "id": "organize",
     "options": {
      "excludeByName": {
       "Field": true
      },
      "indexByName": {},
      "renameByName": {}
     }
    }
   ],
   "type": "table"
  },
  {
   "datasource": {
    "type": "prometheus",
    "uid": "${source}"
   },
   "fieldConfig": {
    "defaults": {
     "color": {
      "mode": "palette-classic"
     },
     "custom": {
      "axisCenteredZero": false,
      "axisColorMode": "text",
      "axisLabel": "",
      "axisPlacement": "auto",
      "barAlignment": 0,
      "drawStyle": "line",
      "fillOpacity": 0,
      "gradientMode": "none",
      "hideFrom": {
       "legend": false,
       "tooltip": false,
       "viz": false
      },
      "lineInterpolation": "linear",
      "lineWidth": 1,
      "pointSize": 5,
      "scaleDistribution": {
       "type": "linear"
      },
      "showPoints": "auto",
      "spanNulls": false,
      "stacking": {
       "group": "A",
       "mode": "none"
      },
      "thresholdsStyle": {
       "mode": "off"
      }
     },
     "decimals": 3,
     "mappings": [],
     "thresholds": {
      "mode": "absolute",
      "steps": [
       {
        "color": "green",
        "value": null
       },
       {
        "color": "red",
        "value": 80
       }
      ]
     },
     "unit": "percent"
    },
    "overrides": []
   },
   "gridPos": {
    "h": 8,
    "w": 8,
    "x": 16,
    "y": 5
   },
   "id": 31,
   "interval": "$interval",
   "options": {
    "legend": {
     "calcs": [],
     "displayMode": "list",
     "placement": "bottom",
     "showLegend": true
    },
    "tooltip": {
     "mode": "single",
     "sort": "none"
    }
   },
   "targets": [
    {
     "datasource": {
      "type": "prometheus",
      "uid": "${source}"
     },
     "editorMode": "code",
     "expr": "(1 - sum(crashed_session_pct{app_id=\"$app_id\"} * sessions_total{app_id=\"$app_id\"})\n/\n(sum(sessions_total{app_id=\"$app_id\"}))) * 100",
     "legendFormat": "{{label_name}}",
     "range": true,
     "refId": "A"
    }
   ],
   "title": "Crash Free Session %",
   "type": "timeseries"
  },
  {
   "datasource": {
    "type": "prometheus",
    "uid": "${source}"
   },
   "fieldConfig": {
    "defaults": {
     "color": {
      "mode": "palette-classic"
     },
     "custom": {
      "axisCenteredZero": false,
      "axisColorMode": "text",
      "axisLabel": "",
      "axisPlacement": "auto",
      "barAlignment": 0,
      "drawStyle": "line",
      "fillOpacity": 0,
      "gradientMode": "none",
      "hideFrom": {
       "legend": false,
       "tooltip": false,
       "viz": false
      },
      "lineInterpolation": "linear",
      "lineWidth": 1,
      "pointSize": 5,
      "scaleDistribution": {
       "type": "linear"
      },
      "showPoints": "auto",
      "spanNulls": false,
      "stacking": {
       "group": "A",
       "mode": "none"
      },
      "thresholdsStyle": {
       "mode": "off"
      }
     },
     "mappings": [],
     "thresholds": {
      "mode": "absolute",
      "steps": [
       {
        "color": "green",
        "value": null
       },
       {
        "color": "red",
        "value": 80
       }
      ]
     }
    },
    "overrides": []
   },
   "gridPos": {
    "h": 8,
    "w": 8,
    "x": 0,
    "y": 13
   },
   "id": 14,
   "interval": "$interval",
   "options": {
    "legend": {
     "calcs": [],
     "displayMode": "list",
     "placement": "bottom",
     "showLegend": true
    },
    "tooltip": {
     "mode": "single",
     "sort": "none"
    }
   },
   "targets": [
    {
     "datasource": {
      "type": "prometheus",
      "uid": "${source}"
     },
     "editorMode": "code",
     "expr": "sum(sessions_total{app_id=\"$app_id\"}) by (app_version, os_version)",
     "legendFormat": "{{app_version}} - {{os_version}}",
     "range": true,
     "refId": "A"
    }
   ],
   "title": "Sessions By All App Version, OS Version",
   "type": "timeseries"
  },
  {
   "datasource": {
    "type": "prometheus",
    "uid": "${source}"
   },
   "fieldConfig": {
    "defaults": {
     "color": {
      "mode": "thresholds"
     },
     "custom": {
      "align": "auto",
      "displayMode": "auto",
      "inspect": false
     },
     "mappings": [],
     "thresholds": {
      "mode": "absolute",
      "steps": [
       {
        "color": "green",
        "value": null
       },
       {
        "color": "red",
        "value": 80
       }
      ]
     }
    },
    "overrides": []
   },
   "gridPos": {
    "h": 8,
    "w": 8,
    "x": 8,
    "y": 13
   },
   "id": 30,
   "options": {
    "footer": {
     "fields": "",
     "reducer": [
      "sum"
     ],
     "show": false
    },
    "showHeader": true,
    "sortBy": [
     {
      "desc": true,
      "displayName": "Total"
     }
    ]
   },
   "pluginVersion": "9.1.2",
   "targets": [
    {
     "datasource": {
      "type": "prometheus",
      "uid": "${source}"
     },
     "expr": "sum(sessions_by_device_model_total{app_id=\"$app_id\"}) by (device_model) ",
     "refId": "A"
    }
   ],
   "title": "Sessions by Devices",
   "transformations": [
    {
     "id": "reduce",
     "options": {
      "labelsToFields": true,
      "reducers": [
       "sum"
      ]
     }
    },
    {
     "id": "organize",
     "options": {
      "excludeByName": {
       "Field": true
      },
      "indexByName": {},
      "renameByName": {}
     }
    }
   ],
   "type": "table"
  },
  {
   "datasource": {
    "type": "prometheus",
    "uid": "${source}"
   },
   "fieldConfig": {
    "defaults": {
     "color": {
      "mode": "palette-classic"
     },
     "custom": {
      "axisCenteredZero": false,
      "axisColorMode": "text",
      "axisLabel": "",
      "axisPlacement": "auto",
      "barAlignment": 0,
      "drawStyle": "line",
      "fillOpacity": 0,
      "gradientMode": "none",
      "hideFrom": {
       "legend": false,
       "tooltip": false,
       "viz": false
      },
      "lineInterpolation": "linear",
      "lineWidth": 1,
      "pointSize": 5,
      "scaleDistribution": {
       "type": "linear"
      },
      "showPoints": "auto",
      "spanNulls": false,
      "stacking": {
       "group": "A",
       "mode": "none"
      },
      "thresholdsStyle": {
       "mode": "off"
      }
     },
     "mappings": [],
     "thresholds": {
      "mode": "absolute",
      "steps": [
       {
        "color": "green",
        "value": null
       },
       {
        "color": "red",
        "value": 80
       }
      ]
     }
    },
    "overrides": []
   },
   "gridPos": {
    "h": 8,
    "w": 8,
    "x": 16,
    "y": 13
   },
   "id": 7,
   "interval": "$interval",
   "options": {
    "legend": {
     "calcs": [],
     "displayMode": "list",
     "placement": "bottom",
     "showLegend": true
    },
    "tooltip": {
     "mode": "single",
     "sort": "none"
    }
   },
   "targets": [
    {
     "datasource": {
      "type": "prometheus",
      "uid": "${source}"
     },
     "expr": "sum(sessions_total{app_id=\"$app_id\"})",
     "refId": "A"
    }
   ],
   "title": "Total Sessions",
   "type": "timeseries"
  },
  {
   "datasource": {
    "type": "prometheus",
    "uid": "${source}"
   },
   "description": "Override the app version in the PromQL",
   "fieldConfig": {
    "defaults": {
     "color": {
      "mode": "palette-classic"
     },
     "custom": {
      "axisCenteredZero": false,
      "axisColorMode": "text",
      "axisLabel": "",
      "axisPlacement": "auto",
      "barAlignment": 0,
      "drawStyle": "line",
      "fillOpacity": 0,
      "gradientMode": "none",
      "hideFrom": {
       "legend": false,
       "tooltip": false,
       "viz": false
      },
      "lineInterpolation": "linear",
      "lineWidth": 1,
      "pointSize": 5,
      "scaleDistribution": {
       "type": "linear"
      },
      "showPoints": "auto",
      "spanNulls": false,
      "stacking": {
       "group": "A",
       "mode": "none"
      },
      "thresholdsStyle": {
       "mode": "off"
      }
     },
     "mappings": [],
     "thresholds": {
      "mode": "absolute",
      "steps": [
       {
        "color": "green",
        "value": null
       },
       {
        "color": "red",
        "value": 80
       }
      ]
     }
    },
    "overrides": []
   },
   "gridPos": {
    "h": 8,
    "w": 8,
    "x": 0,
    "y": 21
   },
   "id": 6,
   "interval": "$interval",
   "options": {
    "legend": {
     "calcs": [],
     "displayMode": "list",
     "placement": "bottom",
     "showLegend": true
    },
    "tooltip": {
     "mode": "single",
     "sort": "none"
    }
   },
   "targets": [
    {
     "datasource": {
      "type": "prometheus",
      "uid": "${source}"
     },
     "editorMode": "code",
     "expr": "sum(sessions_total{app_id=\"$app_id\", app_version=\"app_version_1\"}) by (app_version)",
     "legendFormat": "{{label_name}}",
     "range": true,
     "refId": "A"
    },
    {
     "datasource": {
      "type": "prometheus",
      "uid": "${source}"
     },
     "editorMode": "code",
     "expr": "sum(sessions_total{app_id=\"$app_id\", app_version=\"app_version_2\"}) by (app_version)",
     "hide": false,
     "legendFormat": "{{label_name}}",
     "range": true,
     "refId": "B"
    }
   ],
   "title": "Sessions for two app versions",
   "type": "timeseries"
  },
  {
   "datasource": {
    "type": "prometheus",
    "uid": "${source}"
   },
   "gridPos": {
    "h": 8,
    "w": 8,
    "x": 8,
    "y": 21
   },
   "id": 33,
   "options": {
    "content": "Override the app versions in the \"Sessions for two app versions\" with your own app versions.\n\nFor example, change\n```\nsum(sessions_total{app_id=\"$app_id\", app_version=\"app_version_1\"}) by (app_version)\n```\nto \n```\nsum(sessions_total{app_id=\"$app_id\", app_version=\"1.2.3\"}) by (app_version)\n```\n",
    "mode": "markdown"
   },
   "pluginVersion": "9.1.2",
   "title": "Sessions for two app versions Note",
   "type": "text"
  },
  {
   "collapsed": false,
   "datasource": {
    "uid": "${source}"
   },
   "gridPos": {
    "h": 1,
    "w": 24,
    "x": 0,
    "y": 29
   },
   "id": 18,
   "panels": [],
   "title": "Crashes",
   "type": "row"
  },
  {
   "datasource": {
    "type": "prometheus",
    "uid": "${source}"
   },
   "fieldConfig": {
    "defaults": {
     "color": {
      "mode": "palette-classic"
     },
     "custom": {
      "axisCenteredZero": false,
      "axisColorMode": "text",
      "axisLabel": "",
      "axisPlacement": "auto",
      "barAlignment": 0,
      "drawStyle": "line",
      "fillOpacity": 0,
      "gradientMode": "none",
      "hideFrom": {
       "legend": false,
       "tooltip": false,
       "viz": false
      },
      "lineInterpolation": "linear",
      "lineWidth": 1,
      "pointSize": 5,
      "scaleDistribution": {
       "type": "linear"
      },
      "showPoints": "auto",
      "spanNulls": false,
      "stacking": {
       "group": "A",
       "mode": "none"
      },
      "thresholdsStyle": {
       "mode": "off"
      }
     },
     "mappings": [],
     "thresholds": {
      "mode": "absolute",
      "steps": [
       {
        "color": "green",
        "value": null
       },
       {
        "color": "red",
        "value": 80
       }
      ]
     }
    },
    "overrides": []
   },
   "gridPos": {
    "h": 8,
    "w": 8,
    "x": 0,
    "y": 30
   },
   "id": 8,
   "interval": "$interval",
   "options": {
    "legend": {
     "calcs": [],
     "displayMode": "list",
     "placement": "bottom",
     "showLegend": true
    },
    "tooltip": {
     "mode": "single",
     "sort": "none"
    }
   },
   "targets": [
    {
     "datasource": {
      "type": "prometheus",
      "uid": "${source}"
     },
     "editorMode": "code",
     "expr": "sum(crash_total{app_id=\"$app_id\"}) by (app_version)",
     "legendFormat": "{{label_name}}",
     "range": true,
     "refId": "A"
    }
   ],
   "title": "Crashes By All App Versions",
   "type": "timeseries"
  },
  {
   "datasource": {
    "type": "prometheus",
    "uid": "${source}"
   },
   "fieldConfig": {
    "defaults": {
     "color": {
      "mode": "palette-classic"
     },
     "custom": {
      "axisCenteredZero": false,
      "axisColorMode": "text",
      "axisLabel": "",
      "axisPlacement": "auto",
      "barAlignment": 0,
      "drawStyle": "line",
      "fillOpacity": 0,
      "gradientMode": "none",
      "hideFrom": {
       "legend": false,
       "tooltip": false,
       "viz": false
      },
      "lineInterpolation": "linear",
      "lineWidth": 1,
      "pointSize": 5,
      "scaleDistribution": {
       "type": "linear"
      },
      "showPoints": "auto",
      "spanNulls": false,
      "stacking": {
       "group": "A",
       "mode": "none"
      },
      "thresholdsStyle": {
       "mode": "off"
      }
     },
     "mappings": [],
     "thresholds": {
      "mode": "absolute",
      "steps": [
       {
        "color": "green",
        "value": null
       },
       {
        "color": "red",
        "value": 80
       }
      ]
     }
    },
    "overrides": []
   },
   "gridPos": {
    "h": 8,
    "w": 8,
    "x": 8,
    "y": 30
   },
   "id": 24,
   "interval": "$interval",
   "options": {
    "legend": {
     "calcs": [],
     "displayMode": "list",
     "placement": "bottom",
     "showLegend": true
    },
    "tooltip": {
     "mode": "single",
     "sort": "none"
    }
   },
   "targets": [
    {
     "datasource": {
      "type": "prometheus",
      "uid": "${source}"
     },
     "editorMode": "code",
     "expr": "sum(crashed_session_pct{app_id=\"$app_id\"}) by (app_version) * sum(sessions_total{app_id=\"$app_id\"}) by (app_version)",
     "legendFormat": "{{label_name}}",
     "range": true,
     "refId": "A"
    }
   ],
   "title": "Crashed Session Count By All App Versions",
   "type": "timeseries"
  },
  {
   "datasource": {
    "type": "prometheus",
    "uid": "${source}"
   },
   "fieldConfig": {
    "defaults": {
     "color": {
      "mode": "palette-classic"
     },
     "custom": {
      "axisCenteredZero": false,
      "axisColorMode": "text",
      "axisLabel": "",
      "axisPlacement": "auto",
      "barAlignment": 0,
      "drawStyle": "line",
      "fillOpacity": 0,
      "gradientMode": "none",
      "hideFrom": {
       "legend": false,
       "tooltip": false,
       "viz": false
      },
      "lineInterpolation": "linear",
      "lineWidth": 1,
      "pointSize": 5,
      "scaleDistribution": {
       "type": "linear"
      },
      "showPoints": "auto",
      "spanNulls": false,
      "stacking": {
       "group": "A",
       "mode": "none"
      },
      "thresholdsStyle": {
       "mode": "off"
      }
     },
     "mappings": [],
     "thresholds": {
      "mode": "absolute",
      "steps": [
       {
        "color": "green",
        "value": null
       },
       {
        "color": "red",
        "value": 80
       }
      ]
     }
    },
    "overrides": []
   },
   "gridPos": {
    "h": 8,
    "w": 8,
    "x": 16,
    "y": 30
   },
   "id": 12,
   "interval": "$interval",
   "options": {
    "legend": {
     "calcs": [],
     "displayMode": "list",
     "placement": "bottom",
     "showLegend": true
    },
    "tooltip": {
     "mode": "single",
     "sort": "none"
    }
   },
   "targets": [
    {
     "datasource": {
      "type": "prometheus",
      "uid": "${source}"
     },
     "expr": "sum(crash_total{app_id=\"$app_id\"})",
     "refId": "A"
    }
   ],
   "title": "Total Crashes",
   "type": "timeseries"
  },
  {
   "collapsed": false,
   "datasource": {
    "uid": "${source}"
   },
   "gridPos": {
    "h": 1,
    "w": 24,
    "x": 0,
    "y": 38
   },
   "id": 20,
   "panels": [],
   "title": "Users",
   "type": "row"
  },
  {
   "datasource": {
    "type": "prometheus",
    "uid": "${source}"
   },
   "fieldConfig": {
    "defaults": {
     "color": {
      "mode": "palette-classic"
     },
     "custom": {
      "axisCenteredZero": false,
      "axisColorMode": "text",
      "axisLabel": "",
      "axisPlacement": "auto",
      "barAlignment": 0,
      "drawStyle": "line",
      "fillOpacity": 0,
      "gradientMode": "none",
      "hideFrom": {
       "legend": false,
       "tooltip": false,
       "viz": false
      },
      "lineInterpolation": "linear",
      "lineWidth": 1,
      "pointSize": 5,
      "scaleDistribution": {
       "type": "linear"
      },
      "showPoints": "auto",
      "spanNulls": false,
      "stacking": {
       "group": "A",
       "mode": "none"
      },
      "thresholdsStyle": {
       "mode": "off"
      }
     },
     "mappings": [],
     "thresholds": {
      "mode": "absolute",
      "steps": [
       {
        "color": "green",
        "value": null
       },
       {
        "color": "red",
        "value": 80
       }
      ]
     }
    },
    "overrides": []
   },
   "gridPos": {
    "h": 8,
    "w": 8,
    "x": 0,
    "y": 39
   },
   "id": 9,
   "interval": "$interval",
   "options": {
    "legend": {
     "calcs": [],
     "displayMode": "list",
     "placement": "bottom",
     "showLegend": true
    },
    "tooltip": {
     "mode": "single",
     "sort": "none"
    }
   },
   "targets": [
    {
     "datasource": {
      "type": "prometheus",
      "uid": "${source}"
     },
     "editorMode": "code",
     "expr": "sum(user_total{app_id=\"$app_id\"}) by (app_version)",
     "legendFormat": "{{label_name}}",
     "range": true,
     "refId": "A"
    }
   ],
   "title": "Users By All App Versions",
   "type": "timeseries"
  },
  {
   "datasource": {
    "type": "prometheus",
    "uid": "${source}"
   },
   "fieldConfig": {
    "defaults": {
     "color": {
      "mode": "palette-classic"
     },
     "custom": {
      "axisCenteredZero": false,
      "axisColorMode": "text",
      "axisLabel": "",
      "axisPlacement": "auto",
      "barAlignment": 0,
      "drawStyle": "line",
      "fillOpacity": 0,
      "gradientMode": "none",
      "hideFrom": {
       "legend": false,
       "tooltip": false,
       "viz": false
      },
      "lineInterpolation": "linear",
      "lineWidth": 1,
      "pointSize": 5,
      "scaleDistribution": {
       "type": "linear"
      },
      "showPoints": "auto",
      "spanNulls": false,
      "stacking": {
       "group": "A",
       "mode": "none"
      },
      "thresholdsStyle": {
       "mode": "off"
      }
     },
     "mappings": [],
     "thresholds": {
      "mode": "absolute",
      "steps": [
       {
        "color": "green",
        "value": null
       },
       {
        "color": "red",
        "value": 80
       }
      ]
     }
    },
    "overrides": []
   },
   "gridPos": {
    "h": 8,
    "w": 8,
    "x": 8,
    "y": 39
   },
   "id": 23,
   "interval": "$interval",
   "options": {
    "legend": {
     "calcs": [],
     "displayMode": "list",
     "placement": "bottom",
     "showLegend": true
    },
    "tooltip": {
     "mode": "single",
     "sort": "none"
    }
   },
   "targets": [
    {
     "datasource": {
      "type": "prometheus",
      "uid": "${source}"
     },
     "editorMode": "code",
     "expr": "sum(crashed_user_total{app_id=\"$app_id\"}) by (app_version)",
     "legendFormat": "{{label_name}}",
     "range": true,
     "refId": "A"
    }
   ],
   "title": "Crashed Users Total By All App Versions",
   "type": "timeseries"
  },
  {
   "datasource": {
    "type": "prometheus",
    "uid": "${source}"
   },
   "fieldConfig": {
    "defaults": {
     "color": {
      "mode": "palette-classic"
     },
     "custom": {
      "axisCenteredZero": false,
      "axisColorMode": "text",
      "axisLabel": "",
      "axisPlacement": "auto",
      "barAlignment": 0,
      "drawStyle": "line",
      "fillOpacity": 0,
      "gradientMode": "none",
      "hideFrom": {
       "legend": false,
       "tooltip": false,
       "viz": false
      },
      "lineInterpolation": "linear",
      "lineWidth": 1,
      "pointSize": 5,
      "scaleDistribution": {
       "type": "linear"
      },
      "showPoints": "auto",
      "spanNulls": false,
      "stacking": {
       "group": "A",
       "mode": "none"
      },
      "thresholdsStyle": {
       "mode": "off"
      }
     },
     "mappings": [],
     "thresholds": {
      "mode": "absolute",
      "steps": [
       {
        "color": "green",
        "value": null
       },
       {
        "color": "red",
        "value": 80
       }
      ]
     }
    },
    "overrides": []
   },
   "gridPos": {
    "h": 8,
    "w": 8,
    "x": 16,
    "y": 39
   },
   "id": 10,
   "interval": "$interval",
   "options": {
    "legend": {
     "calcs": [],
     "displayMode": "list",
     "placement": "bottom",
     "showLegend": true
    },
    "tooltip": {
     "mode": "single",
     "sort": "none"
    }
   },
   "targets": [
    {
     "datasource": {
      "type": "prometheus",
      "uid": "${source}"
     },
     "expr": "sum(user_total{app_id=\"$app_id\"})",
     "refId": "A"
    }
   ],
   "title": "Total Users",
   "type": "timeseries"
  }
 ],
 "refresh": false,
 "schemaVersion": 37,
 "style": "dark",
 "tags": [],
 "templating": {
  "list": [
   {
    "current": {
     "selected": true
    },
    "datasource": {
     "type": "prometheus",
     "uid": "${source}"
    },
    "definition": "app_label",
    "hide": 0,
    "includeAll": false,
    "multi": false,
    "name": "app_id",
    "options": [],
    "query": {
     "query": "app_label",
     "refId": "StandardVariableQuery"
    },
    "refresh": 1,
    "regex": "/app_label.*app_id=\"(?<value>[^\"]+)\".*label=\"(?<text>[^\"]+)\"/g",
    "sort": 1,
    "skipUrlSync": false,
    "type": "query"
   },
   {
    "current": {
     "selected": true,
     "text": "1hr",
     "value": "1hr"
    },
    "hide": 0,
    "includeAll": false,
    "multi": false,
    "name": "interval",
    "options": [
     {
      "selected": false,
      "text": "60m",
      "value": "60m"
     },
     {
      "selected": false,
      "text": "90m",
      "value": "90m"
     },
     {
      "selected": false,
      "text": "2hr",
      "value": "2hr"
     },
     {
      "selected": false,
      "text": "4hr",
      "value": "4hr"
     },
     {
      "selected": false,
      "text": "6hr",
      "value": "6hr"
     },
     {
      "selected": false,
      "text": "1d",
      "value": "1d"
     },
     {
      "selected": false,
      "text": "12hr",
      "value": "12hr"
     }
    ],
    "query": "60m,90m,2hr,4hr,6hr,12hr,1d",
    "queryValue": "",
    "skipUrlSync": false,
    "type": "custom"
   },
   {
    "current": {
     "selected": true,
     "text": "Embrace Metric API",
     "value": "Embrace Metric API"
    },
    "description": "Data Source",
    "hide": 0,
    "includeAll": false,
    "label": "Source",
    "multi": false,
    "name": "source",
    "options": [],
    "query": "prometheus",
    "queryValue": "",
    "refresh": 1,
    "regex": "",
    "skipUrlSync": false,
    "type": "datasource"
   }
  ]
 },
 "time": {
  "from": "now-2d",
  "to": "now"
 },
 "timepicker": {},
 "timezone": "utc",
 "title": "Embrace Metrics API Dashboard",
 "uid": "0-0000000",
 "version": 1,
 "weekStart": ""
}

