{
  "$schema": "https://raw.githubusercontent.com/grafana/grafana/master/docs/sources/developers/plugins/plugin.schema.json",
  "type": "app",
  "name": "Embrace Mobile",
  "id": "embraceio-metric-app",
  "info": {
    "keywords": ["app"],
    "description": "Mobile observability and data platform that empowers mobile teams to deliver optimal user experiences",
    "author": {
      "name": "Embrace"
    },
    "logos": {
      "small": "img/logo.png",
      "large": "img/logo.png"
    },
    "screenshots": [
      {"name": "sessions", "path": "img/sessions.png"},
      {"name": "crashes_users", "path": "img/crashes_users.png"}
    ],
    "version": "1.0.0",
    "updated": "2023-01-10"
  },
  "includes": [
    {
      "type": "dashboard",
      "name": "System overview",
      "path": "dashboards/overview.json",
      "addToNav": true,
      "defaultNav": true,
      "uid": "0-0000000"
    }
  ],
  "dependencies": {
    "grafanaDependency": ">=9.1.0",
    "plugins": []
  }
}
